first_name,last_name,salary,gender,department,car
Neille,Guilliatt,9897,Female,Sales,Oldsmobile
Ursola,Clac,7892,Female,Human Resources,Infiniti
Sheba,Ashard,3651,Female,Training,Mercedes-Benz
Olvan,MacCafferty,5900,Male,Research and Development,Honda
Georgiana,Lorkin,5467,Female,Legal,Toyota
Jocelyne,Kliement,4842,Female,Training,Volkswagen
Antonina,Boshere,4465,Female,Services,Lincoln
Thom,Oxx,9203,Male,Business Development,Mazda
Alecia,Knowler,8368,Female,Marketing,Volkswagen
Gallard,Chatfield,4471,Male,Research and Development,Acura
Sophi,Shailer,9617,Female,Sales,Suzuki
Alister,Wassung,7098,Male,Engineering,Dodge
Guendolen,Winspire,4148,Female,Legal,Toyota
Carie,Essel,9693,Female,Legal,Ford
Lonny,Hammon,4241,Genderfluid,Product Management,Ford
Cortie,Sawday,5172,Male,Legal,Pontiac
Kylynn,Scriven,6619,Female,Engineering,Volkswagen
Veronike,Everington,5771,Non-binary,Sales,Mercury
Heida,Van Rembrandt,6360,Female,Engineering,Buick
Beverley,Silver,9488,Female,Legal,Mitsubishi
Jacquelyn,Cremin,3968,Female,Services,Mitsubishi
Randy,Lattka,5575,Female,Human Resources,Volvo
Cyndy,Thurby,5109,Female,Business Development,Dodge
Krystal,Rubinek,4783,Female,Legal,Pontiac
Porty,Duinbleton,3779,Male,Legal,Mazda
Patti,Miklem,6695,Female,Product Management,Lincoln
Melisa,Cubberley,9757,Polygender,Legal,Chevrolet
Guido,Huggett,7699,Male,Services,Cadillac
Giacopo,McCullock,6102,Male,Research and Development,Mitsubishi
Prudi,Drysdell,8566,Female,Engineering,Dodge
Rayshell,Cobbald,3832,Female,Legal,GMC
Car,Waring,8483,Non-binary,Accounting,Ford
Iain,Stollmeier,5156,Male,Business Development,Ford
Forester,Chaimson,6968,Male,Marketing,Porsche
Leopold,Haddy,6211,Male,Support,Kia
Lorry,Barbera,6676,Male,Research and Development,Kia
Westbrook,Aaron,9867,Male,Human Resources,Mitsubishi
Dona,Ferreres,5866,Female,Engineering,Mazda
Casey,Humbey,8815,Male,Engineering,Acura
Calvin,Retchless,5022,Male,Training,BMW
Joshuah,Dalyell,8597,Male,Research and Development,Dodge
Ryann,Cutford,9548,Bigender,Legal,GMC
Koralle,Goodisson,7806,Female,Training,Nissan
Reamonn,Logue,6045,Male,Accounting,Toyota
Edeline,Boullin,7247,Female,Legal,Volvo
Drusi,Rosini,8886,Female,Research and Development,Lincoln
Corny,Staines,9027,Female,Marketing,Kia
Ike,Haldenby,4798,Male,Human Resources,Audi
Nicholle,Luberto,8640,Female,Business Development,Ford
Randi,Cowderay,6927,Female,Legal,Dodge
Seth,Bragge,4565,Male,Support,Volvo
Dix,Dy,6273,Female,Support,Porsche
Vito,De la croix,8233,Male,Accounting,Mercedes-Benz
Reinwald,Athy,4828,Male,Business Development,Cadillac
Clarita,Libbie,9666,Female,Product Management,BMW
Edmon,Lyndon,6205,Agender,Support,Kia
Cassandre,Blodg,6160,Female,Product Management,Honda
Patton,Keys,7971,Male,Business Development,Dodge
Wade,Daton,4158,Male,Support,Mercedes-Benz
Olia,Sperring,9628,Female,Product Management,Chevrolet
Francisco,Fermin,9512,Male,Engineering,Ford
Anallese,Sandyford,5970,Female,Training,Hyundai
Meredith,Ableson,8156,Female,Accounting,Mitsubishi
Mandel,Willars,6310,Male,Marketing,Smart
Vitoria,Drewitt,9325,Female,Engineering,Buick
Gerardo,Nana,4397,Male,Business Development,Chevrolet
Eldon,Bakhrushkin,8856,Male,Training,Dodge
Gracie,Kittman,6796,Female,Engineering,Pontiac
Waiter,Dalling,9608,Agender,Marketing,Aston Martin
Ileane,Serraillier,5591,Female,Marketing,Ford
Lee,Telfer,4483,Male,Marketing,Land Rover
Rupert,Gillespey,8169,Male,Product Management,Ferrari
Ilaire,Lepoidevin,8350,Genderqueer,Engineering,Mazda
Greg,Ebbetts,5874,Male,Support,Chrysler
Kelsey,Gudeman,5874,Female,Services,Ford
Etta,Robak,4572,Female,Services,Chevrolet
Mayor,Bartolomeo,5036,Male,Marketing,Lincoln
Woodman,Hamshar,4245,Male,Engineering,Dodge
Babette,Leacy,4826,Female,Training,Nissan
Wynn,Trench,8916,Male,Legal,Mercury
Dougy,Newbatt,5479,Male,Accounting,Infiniti
Golda,Scottesmoor,5667,Agender,Human Resources,Oldsmobile
Teresa,Dudenie,4427,Female,Marketing,Volvo
Carolan,Ambage,7773,Female,Services,GMC
Teddie,Illsley,5325,Male,Sales,Pontiac
Theda,Tatchell,5058,Polygender,Product Management,Mitsubishi
Pauline,Mourbey,6080,Female,Training,Mitsubishi
Nance,Gwioneth,8705,Female,Sales,Subaru
Orel,Devine,3679,Female,Sales,Ford
Hermie,Gobeau,4609,Male,Services,Mitsubishi
Fin,Heamus,9195,Male,Services,Porsche
Xylia,Lennarde,4959,Female,Product Management,Honda
Gunar,Riall,3606,Male,Legal,BMW
Klarrisa,Leat,5228,Female,Support,Toyota
Curr,Dyka,7284,Male,Legal,Chevrolet
Scarlett,Joder,6628,Non-binary,Marketing,Toyota
Patrizia,Izatson,3685,Female,Training,Ford
Katee,Baxter,5518,Female,Accounting,Mazda
Lanie,Measom,7562,Female,Training,Aston Martin
Anderson,Chaters,6633,Male,Research and Development,MINI
Jeramie,Briatt,3619,Male,Research and Development,Jeep
Jenny,Dixey,6696,Female,Support,Suzuki
Danny,Giffon,9606,Female,Business Development,Lincoln
Torie,Novakovic,6634,Female,Legal,Chevrolet
Nicole,Elliker,9483,Female,Marketing,Suzuki
Kinna,De Rechter,4862,Female,Sales,Mercedes-Benz
Sarine,Pierce,8981,Female,Product Management,Chrysler
Irena,Trays,9702,Female,Support,Chrysler
Con,Happel,8895,Female,Services,Mitsubishi
Whit,O' Liddy,4286,Male,Business Development,Honda
Cedric,Biasioni,8020,Male,Business Development,Ford
Abbie,MacFadyen,3937,Male,Engineering,GMC
Eberto,Jepperson,4804,Male,Business Development,Buick
Horatio,Ellinor,5413,Male,Engineering,Audi
Laney,Crewther,7050,Male,Legal,Infiniti
Ynes,Winnett,8090,Female,Engineering,BMW
Burlie,Schorah,5623,Male,Services,Dodge
Glynnis,Norvill,4082,Female,Business Development,Hyundai
Parke,Lampe,5854,Male,Sales,Ford
Gibby,Heckney,6263,Male,Product Management,Bentley
Samantha,Mc Mechan,6087,Female,Marketing,Volkswagen
Jenelle,Dicte,3583,Female,Business Development,Mazda
Lyn,Gloster,5076,Male,Sales,Hummer
Karney,Pacheco,5436,Male,Engineering,Chevrolet
Reinold,Eastbury,8107,Male,Product Management,Porsche
Dot,Chalfont,9246,Female,Product Management,Audi
Cahra,Pennrington,6087,Genderfluid,Services,Toyota
Gilbertine,Zarfat,4377,Female,Sales,Ford
Randy,Egalton,7266,Female,Business Development,Toyota
Dmitri,Schenkel,8792,Male,Human Resources,Infiniti
Wynn,O'Fergus,7612,Male,Engineering,Dodge
Mala,Cobbing,5072,Female,Accounting,Land Rover
Yvor,McAteer,9973,Male,Engineering,Ford
Chic,Riveles,5084,Male,Sales,Nissan
Glen,McRoberts,7542,Male,Research and Development,Volkswagen
Fraze,Kenner,5676,Male,Sales,Mercury
Jo-anne,Linnemann,9488,Female,Product Management,Land Rover
Gris,Roberti,5485,Male,Human Resources,Dodge
Tabbie,Sand,6276,Female,Business Development,Mitsubishi
Sarge,Silvermann,6525,Male,Sales,Volkswagen
Tonye,Zucker,9267,Female,Support,Dodge
Cyrille,Gercke,4148,Male,Marketing,Ford
Nita,Tate,4440,Female,Support,BMW
Kamilah,Llywarch,3603,Female,Legal,Mercedes-Benz
Brinna,Crickett,5904,Female,Legal,Maserati
Paxon,Greveson,6021,Bigender,Human Resources,Mitsubishi
Atalanta,Jaffra,5315,Female,Support,Toyota
Gonzalo,Bunton,4401,Male,Accounting,Porsche
Rossy,Curley,4109,Male,Support,Ford
Dita,Scirman,8003,Female,Research and Development,Volvo
Agosto,Le Noir,6283,Male,Accounting,Chevrolet
Buddie,Charrisson,8863,Male,Marketing,Mercedes-Benz
Casar,Sandbrook,7124,Male,Engineering,Maserati
Clarence,Meynell,3745,Agender,Accounting,Land Rover
Cristen,Corstan,5637,Female,Engineering,Volkswagen
Elspeth,Langham,4388,Female,Training,GMC
Randene,Rotherham,4926,Female,Services,Chevrolet
Lorianna,Haggis,4799,Agender,Human Resources,Mitsubishi
Allyn,Durston,4811,Female,Human Resources,Acura
Elyn,Huske,6729,Female,Support,Subaru
Ephrem,Bazoge,4654,Bigender,Services,Honda
Austin,De Beauchamp,7909,Male,Sales,Chevrolet
Gun,Hasney,4890,Male,Product Management,Infiniti
Courtney,Masseo,5609,Female,Human Resources,Oldsmobile
Sile,Russan,6762,Female,Services,Buick
Arliene,Visco,8146,Female,Engineering,Ford
Kinny,Coiley,4639,Male,Engineering,Oldsmobile
Arlinda,Kneel,6821,Female,Accounting,Hyundai
Vinny,Bourbon,9211,Male,Marketing,Subaru
Nicol,Kalisz,5249,Female,Accounting,Toyota
Harald,Waplinton,3898,Male,Sales,Lexus
Gerladina,Spalton,5539,Female,Marketing,Dodge
Nanine,Fishly,9921,Female,Accounting,Mercedes-Benz
Shandie,Canning,8965,Female,Marketing,Cadillac
Sascha,Eplate,4903,Female,Human Resources,GMC
Giovanni,Jore,4654,Male,Legal,Hyundai
Rici,Bittany,7344,Female,Engineering,BMW
Nicola,Renney,4853,Genderqueer,Human Resources,Chrysler
Fancy,De Angelis,9943,Female,Business Development,Chevrolet
Jan,Currm,4421,Male,Business Development,Porsche
Harlene,Drackford,5109,Female,Research and Development,Volkswagen
Hy,Hinkensen,4132,Male,Engineering,Honda
Thibaud,Kelsey,5746,Male,Marketing,Mercedes-Benz
Howey,Marjanovic,4032,Male,Services,Ford
Andriette,Creavan,3936,Female,Support,Plymouth
Clarine,Castellanos,5981,Female,Research and Development,Chevrolet
Lynett,Collinwood,7964,Female,Legal,Nissan
Jacky,Reubbens,3960,Female,Accounting,Ford
Townie,Fairebrother,6045,Male,Services,Plymouth
Randene,Ubanks,7712,Female,Support,Chevrolet
Valdemar,Allard,5267,Male,Services,Jeep
Nancey,Dudill,7754,Female,Legal,MG
Weber,Lowes,8214,Male,Engineering,Mercedes-Benz
Jarret,Blanchflower,7619,Male,Training,Pontiac
Chaddy,Doumerque,6163,Male,Product Management,Nissan
Bendicty,Ginnane,6778,Male,Legal,Plymouth
Lorelle,Aldiss,9080,Female,Business Development,Bentley
Hy,Jannaway,8264,Male,Support,Volvo
Palm,Sotheby,6209,Male,Human Resources,Porsche
Ramsey,Lucock,7476,Male,Engineering,Chrysler
Desmund,Luckings,8870,Male,Training,BMW
Trescha,Kindall,3996,Female,Product Management,Buick
Jayme,Bozier,5969,Bigender,Product Management,Mercedes-Benz
Elizabet,Jaksic,8027,Female,Marketing,Ram
Zandra,Cutchey,8666,Female,Human Resources,Mitsubishi
Carlyle,Bridgeland,4158,Male,Services,Honda
Alard,Dehm,5272,Male,Sales,Ford
Pooh,Laurens,6314,Female,Business Development,Buick
Conchita,Mollison,8934,Female,Engineering,Chevrolet
Crosby,Ackland,7767,Male,Marketing,Spyker
Dulsea,Tunstall,9066,Female,Engineering,GMC
Horst,Ebbings,9461,Bigender,Services,Volvo
Freedman,Carrack,7941,Male,Engineering,Mercedes-Benz
Nicolle,Nelthropp,8421,Female,Research and Development,Mazda
Babs,George,6132,Genderqueer,Business Development,Chevrolet
Bendix,Dain,9339,Male,Marketing,McLaren
Deanne,Botton,6550,Female,Services,Maserati
Alyse,Marjanovic,8931,Female,Sales,Mercury
Faber,Kochl,7793,Male,Sales,Hyundai
Alan,Coronas,3745,Male,Training,Pontiac
Giulia,Hindhaugh,4621,Female,Research and Development,Mercedes-Benz
Niki,McGiven,5981,Female,Services,Kia
Nixie,Jankiewicz,5495,Female,Research and Development,Hyundai
Cad,Bath,4325,Male,Product Management,Volvo
Ania,Haynesford,6389,Female,Legal,Chevrolet
Milena,Truss,4241,Female,Legal,Honda
Antonin,Heavyside,6551,Male,Business Development,Nissan
Bax,Pentecost,5431,Male,Services,Chevrolet
Tiler,Leedal,5858,Male,Engineering,Mercury
Hermon,Tinsley,8872,Male,Product Management,Dodge
Kristel,Demko,8927,Female,Research and Development,GMC
Kendrick,Jenicek,7170,Male,Research and Development,Toyota
Carolann,Daveran,7881,Female,Engineering,Jeep
Mirabel,Tinmouth,7380,Female,Training,Volkswagen
Sally,Lorain,6039,Female,Product Management,Ford
Lorine,Vasenin,4154,Female,Legal,Kia
Marchall,Alessandrini,5747,Male,Support,Land Rover
Leigh,Bartoshevich,8410,Male,Marketing,Plymouth
Carine,Dobbing,8583,Female,Human Resources,Volvo
Moe,Hazlewood,6374,Male,Engineering,Mitsubishi
Clemente,Beavon,7132,Male,Services,Maybach
Gabbie,Demongeot,7334,Female,Business Development,Chevrolet
Marjory,Gurnett,5128,Female,Human Resources,Infiniti
Livvy,Lergan,3918,Female,Marketing,Pontiac
Leigh,Wederell,5586,Genderfluid,Training,Geo
Lauree,Grimbaldeston,6658,Female,Legal,Volvo
Mercedes,O'Mullaney,8664,Female,Engineering,Ford
Mitchael,Sperring,7561,Agender,Support,BMW
Alverta,Goracci,8242,Female,Marketing,BMW
Johnette,Braybrooks,8843,Female,Legal,Volvo
Gerhardt,Nucciotti,6495,Male,Sales,Honda
Beret,Keegan,3669,Female,Product Management,Chrysler
Hettie,Wetherell,7480,Genderfluid,Training,GMC
Menard,Newburn,9281,Male,Marketing,Toyota
Kai,Nestle,9527,Female,Human Resources,Chevrolet
Leyla,Overbury,5299,Female,Training,Chevrolet
Janel,Abramow,9326,Female,Marketing,Hyundai
Trix,Minguet,4275,Female,Product Management,GMC
Wallie,Pfleger,6060,Male,Product Management,Toyota
Marji,Quinnelly,3595,Female,Human Resources,Volkswagen
Von,Culligan,4505,Male,Accounting,Isuzu
Sofie,Ferrotti,9456,Agender,Marketing,Nissan
Pauline,Ettritch,6132,Female,Training,Chevrolet
Tailor,Crabb,8686,Male,Accounting,Chevrolet
Lannie,Andrzejowski,4000,Male,Accounting,Hummer
Carlos,Olivetta,3996,Male,Marketing,Infiniti
Archer,Gittis,9750,Genderfluid,Sales,Saturn
Lianne,Wortman,6982,Female,Support,Pontiac
Marlowe,Thorogood,9103,Male,Training,Buick
Gertrud,Lloyd,4653,Female,Sales,Ford
Violante,Scales,6171,Female,Human Resources,Oldsmobile
Nels,Butlin,4329,Male,Training,Ford
Aeriela,Luggar,5260,Female,Sales,Dodge
Heinrick,Coombs,5027,Male,Research and Development,BMW
Teddi,Frigout,9656,Agender,Human Resources,Lincoln
Eddie,Erickson,4596,Female,Marketing,Ford
Moses,Cluitt,3904,Male,Business Development,Ford
Barbabas,Rowan,5264,Male,Accounting,Toyota
Gibb,Rottger,9784,Male,Legal,Ford
Alyce,McMurray,7010,Female,Human Resources,Audi
Byron,Filippucci,6429,Male,Human Resources,Chevrolet
Kermit,McTeggart,5312,Male,Business Development,GMC
Ramon,Dracey,9103,Male,Human Resources,Toyota
Carroll,Vallerine,3899,Male,Human Resources,Ford
Evered,Kennefick,9549,Male,Research and Development,Chevrolet
Cass,Power,4469,Female,Engineering,Volkswagen
Nickolas,Sloan,8790,Male,Services,Chevrolet
Lowrance,Harrowsmith,7016,Male,Support,Subaru
Cameron,Kaplin,4640,Male,Legal,Honda
Elaina,Klasing,5468,Female,Engineering,Nissan
Koo,Olivie,6507,Female,Human Resources,Mazda
Jaquelin,Brockington,4713,Female,Business Development,Chevrolet
Cleveland,Leisman,9885,Male,Legal,Hummer
Dallas,Aynsley,3524,Male,Training,Ford
Chloette,Wintersgill,4841,Female,Business Development,Saturn
Robby,Powder,9630,Female,Training,Lexus
Adan,Cristoferi,9603,Male,Accounting,Jeep
Cherida,Ronci,7224,Female,Legal,Ford
Fanechka,Gulland,9988,Female,Human Resources,Ford
Arlana,Pettinger,4818,Female,Engineering,Audi
Harald,Jiroutka,6947,Male,Sales,Chevrolet
Stella,Sadd,9416,Female,Business Development,Lexus
El,Weildish,9191,Non-binary,Accounting,Audi
Renae,Eason,4839,Female,Training,GMC
Stan,Element,3827,Male,Marketing,Ford
Serena,Garken,4624,Female,Support,Honda
Cross,Peschka,6385,Male,Business Development,Volkswagen
Theodoric,Sides,4785,Male,Support,BMW
Cinnamon,Pesik,7454,Female,Accounting,Subaru
Nedda,Leatt,5634,Non-binary,Research and Development,Toyota
Alfie,Fourmy,8419,Male,Engineering,Dodge
Darla,Laight,5891,Female,Services,Suzuki
Cristy,Guye,9893,Female,Services,Chevrolet
Benita,Ratray,6180,Female,Sales,Mercedes-Benz
Cicily,Kincade,7759,Female,Human Resources,Dodge
Erminie,Stalman,5550,Female,Sales,Cadillac
Gabriel,McWhorter,5546,Female,Product Management,Mitsubishi
Alma,Wagstaffe,6163,Female,Research and Development,Buick
Raynard,Keeney,8916,Male,Training,Toyota
Harri,Markwell,4687,Female,Services,Chevrolet
Gabbi,Blaase,5093,Female,Legal,Chevrolet
Bunnie,Ayscough,9393,Female,Sales,Oldsmobile
Cullan,Frostick,7600,Male,Marketing,Chevrolet
Kaiser,Senior,3772,Male,Product Management,Chevrolet
Phaidra,Fielders,8416,Female,Marketing,Toyota
Kendal,Rodda,9657,Male,Training,Isuzu
Eolanda,Handrahan,7611,Female,Business Development,Bugatti
Lucille,Voice,5969,Female,Legal,Mazda
Sandra,Ansill,6451,Female,Accounting,Mitsubishi
Nealon,Pennone,9713,Male,Training,Porsche
Orazio,Baverstock,4159,Male,Engineering,Subaru
Zared,Champain,4020,Male,Marketing,Maserati
Aharon,Holtum,4527,Male,Engineering,Mitsubishi
Laraine,Hawtry,5371,Female,Services,Volkswagen
Killie,Coker,6810,Male,Engineering,Mercedes-Benz
Adolph,Vaughan,5871,Male,Engineering,Nissan
Lesley,Sainteau,6789,Male,Business Development,Buick
Romain,Bartoloma,4964,Male,Engineering,Chevrolet
Upton,Van Bruggen,8009,Male,Product Management,Ford
Yoshiko,Wetherald,6528,Female,Accounting,Mercedes-Benz
Christie,Hernik,6091,Female,Engineering,Land Rover
Clerissa,Crayton,9107,Female,Legal,Toyota
Avie,Gladding,4866,Female,Business Development,Plymouth
Alanson,Dickey,6949,Male,Accounting,Land Rover
Martita,Streeting,9268,Female,Research and Development,Mercedes-Benz
Marwin,Bilsborrow,3632,Male,Engineering,Rolls-Royce
Travers,Smidmor,4616,Male,Services,Mazda
Sidney,Lansly,4721,Male,Research and Development,Buick
Chrissy,Paroni,8306,Female,Research and Development,Chevrolet
Gardie,Marling,5908,Male,Product Management,Volkswagen
Tobiah,Henfre,6662,Non-binary,Engineering,Daewoo
Lida,Garrie,9714,Female,Engineering,Saturn
Mike,Pleuman,5164,Agender,Legal,Hyundai
Jarvis,Greenacre,3911,Male,Engineering,Ford
Susanetta,Coolbear,8265,Female,Accounting,Ford
Odella,Burrows,4851,Bigender,Business Development,Chevrolet
Karlotte,Sare,3913,Female,Accounting,GMC
Bentlee,Sollars,5728,Male,Training,Mercedes-Benz
Rodd,Gogin,3743,Male,Marketing,Kia
Mitchael,Trevett,6692,Male,Support,Dodge
Trumaine,Broady,8266,Male,Product Management,Dodge
Harry,Tidbald,6292,Male,Legal,Mercedes-Benz
Boniface,Maken,5594,Male,Accounting,Porsche
Jamill,Cayton,6082,Male,Human Resources,Mazda
Danice,Wilcock,4700,Female,Business Development,Volkswagen
Clyde,O'Tierney,6939,Male,Accounting,Audi
Nickola,Gilhespy,6990,Male,Services,Audi
Athene,Ivanov,8613,Non-binary,Training,Pontiac
Lowrance,McNysche,8025,Genderqueer,Support,Toyota
Etienne,Medwell,7415,Male,Training,Toyota
Walton,Ferraretto,4181,Male,Legal,Lincoln
Gratiana,Glenfield,7181,Female,Legal,Ford
Gaby,McCawley,3604,Male,Services,Jeep
Jud,Cussins,9127,Male,Services,Oldsmobile
Moises,Emig,6000,Male,Engineering,Toyota
Hercule,Fogg,6640,Male,Services,Mitsubishi
Lonnie,Gilyott,6047,Male,Training,Ford
Cash,Tweed,9339,Male,Product Management,Lincoln
Kerrill,Maass,3715,Female,Sales,GMC
Norine,Human,5212,Female,Human Resources,Acura
Suzy,Chattock,7531,Female,Sales,Land Rover
Timmie,Le Blond,7420,Female,Marketing,Dodge
Ruby,Bullers,7479,Male,Accounting,Oldsmobile
Swen,Kleiner,7696,Male,Engineering,GMC
Cody,Matthews,4981,Male,Business Development,GMC
Kingston,Lamke,6058,Male,Research and Development,Citroën
Avictor,Dockray,7286,Male,Marketing,Chevrolet
Raquela,Harrill,5860,Female,Accounting,Mercury
Bryant,Wicklen,5793,Male,Human Resources,Ford
Aloysia,Barbara,9497,Female,Marketing,Ford
Venita,Cathesyed,7665,Female,Support,Mercedes-Benz
Jessalyn,McGhee,6320,Female,Human Resources,Dodge
Judi,Moreno,4851,Female,Research and Development,Chevrolet
Bartel,Truckett,9763,Male,Sales,Volkswagen
Giana,Gentreau,9937,Female,Sales,Toyota
Salem,Goble,5563,Male,Accounting,Nissan
Susana,MacAless,5980,Female,Marketing,Isuzu
Garey,Bold,3591,Male,Sales,Mercedes-Benz
Lacie,Eberst,7034,Female,Engineering,Toyota
Perceval,Chamberlayne,5766,Male,Legal,Infiniti
Tracey,Penwright,8868,Male,Research and Development,Toyota
Brant,McRory,7902,Male,Engineering,Dodge
Hubie,Tanswell,4953,Male,Engineering,Lincoln
Petey,Tommen,4705,Male,Human Resources,Subaru
Nicolas,Flowers,8204,Male,Research and Development,Hummer
Doloritas,Doncaster,8893,Female,Training,Volkswagen
Winnie,Linggard,6603,Female,Research and Development,Volvo
Nickey,Mayou,7676,Male,Research and Development,Buick
Rosana,Bilbery,3825,Female,Training,Mercury
Mable,Hustings,6890,Female,Engineering,Cadillac
Alan,Libby,6328,Male,Engineering,Porsche
Alanna,Roberson,6160,Female,Business Development,Mazda
Ashlen,Fitch,4910,Female,Legal,Volvo
Kaleb,Allcott,8756,Male,Services,Chevrolet
Emmalyn,Matterface,3810,Female,Training,GMC
Enrico,Ailmer,6221,Male,Training,Cadillac
Abbey,Spragg,3826,Bigender,Training,Mercury
Jewel,Dunnet,7042,Female,Services,Mercury
Bill,Treasaden,5514,Male,Training,Geo
Allyce,Melloy,6519,Female,Support,Nissan
Gerta,Yarnell,8839,Female,Research and Development,Dodge
Barri,Denacamp,5755,Male,Accounting,Cadillac
Fannie,Coggles,9591,Female,Training,Oldsmobile
Shandy,Havesides,6403,Female,Training,Buick
Bettina,Katz,8675,Female,Engineering,Bentley
Blakelee,Prayer,6538,Female,Legal,Honda
Jeramey,Scoggin,8295,Male,Accounting,Volkswagen
Melvyn,Doncaster,8268,Male,Services,Chevrolet
Moreen,Boxen,7200,Agender,Human Resources,Buick
Astrid,Bartelot,3781,Bigender,Services,Chevrolet
Melosa,Pittock,7034,Female,Accounting,Pontiac
Nels,Cavee,5664,Male,Human Resources,Mitsubishi
Fulton,Basnett,8001,Male,Business Development,Pontiac
Barn,Solan,4392,Male,Business Development,Dodge
Alick,Polding,8919,Male,Accounting,Volvo
Kristos,Schurig,8166,Male,Business Development,Jaguar
Giffy,Kenwrick,7958,Male,Product Management,Mazda
Waly,Tiernan,8186,Female,Services,Mazda
Humberto,Goodbanne,3743,Male,Engineering,Toyota
Cherrita,Wemm,7780,Female,Product Management,Hyundai
Melisa,Speck,8285,Female,Training,BMW
Elisabet,Masserel,9243,Female,Training,Infiniti
Ashton,Jovey,7760,Male,Human Resources,Lincoln
Lin,Orrom,3500,Male,Services,Ford
Brena,Davydkov,6778,Female,Sales,Honda
Egbert,Campo,7649,Male,Business Development,Acura
Tom,Argont,5032,Male,Business Development,Chevrolet
Worthy,Parkins,6481,Male,Marketing,Plymouth
Lemmy,Smaling,8755,Non-binary,Services,Chevrolet
Ginger,Philliskirk,8859,Genderfluid,Human Resources,BMW
Adelina,Kerr,7789,Female,Business Development,Mazda
Aretha,McCrillis,8321,Female,Accounting,Porsche
Roi,Terrett,6165,Male,Product Management,Mitsubishi
Dorothea,McGilroy,4525,Female,Accounting,Oldsmobile
Franz,Whitwood,5849,Male,Product Management,Mitsubishi
Marie-ann,Boobier,5440,Female,Services,Oldsmobile
Druci,Buckles,7172,Female,Human Resources,BMW
Lulu,Matysiak,7257,Female,Marketing,Spyker
Jerome,Hessenthaler,8234,Male,Training,Porsche
Blinni,Blanchard,4377,Female,Product Management,GMC
Flore,Fenelow,5903,Female,Research and Development,BMW
Pattie,Melley,6219,Male,Accounting,Hyundai
Dottie,Scimoni,7229,Female,Support,Chevrolet
Quint,Riep,4263,Male,Business Development,Oldsmobile
Skye,Streeter,6226,Male,Human Resources,BMW
Aubine,Le Frank,6744,Female,Legal,Pontiac
Elliot,Fluit,6809,Male,Accounting,Volvo
Lilia,Bea,4751,Female,Product Management,GMC
Lonnie,Danaher,8934,Male,Human Resources,Dodge
Desmond,Seville,4171,Male,Product Management,Chevrolet
Jsandye,Sirett,4301,Female,Marketing,Mitsubishi
Hyatt,Shevill,5879,Male,Engineering,GMC
Christina,Howarth,5070,Female,Services,Volkswagen
Dix,Winslade,5272,Female,Accounting,Toyota
Alasteir,Neeve,3826,Male,Engineering,Mazda
Zolly,Janc,3679,Male,Business Development,Cadillac
Dwight,Dismore,3598,Male,Services,Mazda
Elyn,Johansson,7512,Female,Legal,Lexus
Jojo,Shorbrook,6090,Female,Business Development,Plymouth
Pincus,Ferfulle,5784,Male,Marketing,Honda
Lay,Kleinsmuntz,8428,Male,Research and Development,Infiniti
Doralin,Deehan,6232,Female,Engineering,Toyota
Jayson,Weatherill,5947,Male,Marketing,Lamborghini
Ilse,Kleine,4075,Female,Research and Development,Cadillac
Janna,Scoines,8979,Female,Support,Dodge
Myrle,Bixley,5455,Female,Marketing,Toyota
Tresa,Antonovic,3802,Female,Support,Porsche
Israel,Kenrick,6893,Male,Human Resources,Nissan
Dedra,Andrich,4071,Female,Accounting,Lincoln
Parsifal,Rodenhurst,7585,Male,Legal,Acura
Rodrick,MacQueen,8646,Male,Support,Pontiac
Giselbert,Breslane,4063,Male,Engineering,Ford
Georas,Milstead,4260,Male,Business Development,Ford
Brianne,Thairs,8743,Female,Training,Mitsubishi
Gordie,Burle,5484,Male,Product Management,Nissan
Elwin,Aikett,4168,Genderfluid,Sales,Ford
Kai,Guisler,9093,Female,Human Resources,Ford
Giorgi,Korejs,8266,Male,Marketing,Kia
Rowland,Matuskiewicz,5994,Male,Accounting,Mercury
Alexandra,Paula,4186,Genderfluid,Support,Acura
Aloin,Lilford,7816,Male,Research and Development,Audi
Konstanze,Djuricic,8118,Female,Marketing,Mercury
Mic,Sevitt,5604,Male,Accounting,Mazda
Ardelis,Betz,9665,Female,Research and Development,Audi
Heidie,Huggins,9750,Female,Marketing,Volvo
Raven,Fawdry,8054,Polygender,Business Development,Citroën
Coleen,Fellos,6271,Female,Support,Dodge
Joyous,Trenaman,3894,Agender,Business Development,Subaru
Blondy,Folbig,4191,Bigender,Accounting,Jensen
Tammi,Baynon,5985,Female,Product Management,Toyota
Zane,Popplestone,7289,Male,Sales,Chevrolet
Dore,Entwistle,8371,Male,Product Management,Hyundai
Jemimah,Scanlin,3902,Female,Accounting,Pontiac
Josephine,Shirlaw,5962,Female,Training,GMC
Wilek,Flanders,8593,Male,Accounting,Toyota
Nobe,Tulloch,5867,Male,Training,Mitsubishi
Trueman,Mathon,8804,Male,Research and Development,Audi
Eddie,Gleaves,4894,Non-binary,Legal,Chrysler
Farlie,Swanston,8421,Male,Sales,Nissan
Liane,Aicheson,5965,Female,Product Management,Volkswagen
Sergio,Dunphie,9485,Male,Marketing,Subaru
Mavis,Cleever,4324,Female,Product Management,Scion
Corine,Feaviour,6873,Female,Support,Ford
Channa,Bunker,4246,Agender,Engineering,Chrysler
Georgy,Branston,4752,Male,Legal,Ford
Rosina,Paskell,9581,Female,Research and Development,Toyota
Linette,Aronsohn,7731,Female,Engineering,Lexus
Joanne,Nield,8801,Female,Business Development,Ford
Sibylle,Amis,6835,Agender,Engineering,Volkswagen
Georgiana,Nisbet,3929,Female,Training,Mercedes-Benz
Karee,Dowdall,7529,Female,Legal,Mitsubishi
Arte,Skakunas,8012,Genderfluid,Training,Mercedes-Benz
Erick,Du Fray,3501,Male,Human Resources,Chevrolet
Malinda,Belly,4122,Female,Training,Chevrolet
Hiram,O'Hickey,7227,Male,Services,Ford
Malinda,Suttling,8073,Polygender,Engineering,Honda
Emily,Kindread,9139,Female,Product Management,Chevrolet
Dulcie,Baughen,7682,Female,Research and Development,Dodge
Waverley,Baptiste,5966,Male,Training,Dodge
Durand,Boman,8131,Male,Support,Mazda
Issy,Dudgeon,9750,Female,Human Resources,Dodge
Fara,O'Teague,7764,Female,Marketing,Volkswagen
Brian,Penwell,7583,Male,Accounting,Chevrolet
Ailee,Warrick,7609,Bigender,Human Resources,Ford
Vallie,Tweedy,8266,Female,Training,Alfa Romeo
Willi,Rudge,4899,Male,Legal,Buick
Evangelia,McMurrugh,8167,Non-binary,Legal,Ford
Wyndham,Galvan,6411,Male,Product Management,Subaru
Jacquelin,Braywood,8871,Female,Sales,Dodge
Erena,Wyldbore,9897,Polygender,Research and Development,Cadillac
Roy,Vaadeland,7465,Male,Sales,Suzuki
Nona,Twidle,4404,Female,Product Management,Toyota
Truda,Markovich,7266,Female,Research and Development,Chevrolet
Ada,Lumsdon,7857,Female,Training,Nissan
Riki,Crump,7533,Female,Business Development,Volvo
Jozef,Cobain,3721,Male,Legal,Plymouth
Clemmie,Beardon,8045,Female,Marketing,Acura
Hamel,Bortolussi,3744,Male,Services,Chevrolet
Tabbatha,Cambden,5073,Agender,Engineering,Ford
Brendan,Pitway,6223,Male,Marketing,Chevrolet
Erv,Trimnell,6742,Male,Support,Toyota
Lesley,Moore,9458,Female,Product Management,Pontiac
Aeriel,Davidsohn,5356,Female,Business Development,Nissan
Davidson,Saur,8505,Male,Accounting,Spyker
Ingamar,Corley,4822,Male,Marketing,Suzuki
Cissiee,Walrond,5384,Female,Engineering,Mazda
Deeann,Lye,8100,Female,Engineering,Chevrolet
Anne-corinne,Fletham,8186,Female,Marketing,Chrysler
Kissee,Sansbury,3754,Female,Support,Infiniti
Elwin,Filov,7491,Male,Business Development,Mercedes-Benz
Dido,Lowndsbrough,7994,Female,Sales,Audi
Sergio,Mallard,7651,Male,Research and Development,Chevrolet
Willi,Itzig,8370,Female,Engineering,Dodge
Carce,Gowthrop,7278,Male,Accounting,Mitsubishi
Tallie,Cage,7935,Male,Human Resources,Dodge
Mozes,Glen,4689,Male,Support,Eagle
Gino,Berrygun,7995,Male,Research and Development,Lincoln
Dukie,Bodocs,9350,Male,Human Resources,Dodge
Phillipe,Dooley,5796,Male,Legal,Lexus
Estella,Wurz,9405,Genderqueer,Sales,BMW
Germain,Hallock,4603,Female,Research and Development,Dodge
Pietrek,Bramah,3870,Male,Engineering,BMW
Suzette,Dyzart,3519,Female,Product Management,Mercedes-Benz
Jillana,Whistance,6627,Female,Support,Chrysler
Padget,Diver,4747,Male,Legal,Mercedes-Benz
Kirbie,Shelp,3875,Genderfluid,Engineering,BMW
Darby,Kinneir,9726,Female,Legal,Pontiac
Meg,Doohan,4621,Female,Accounting,GMC
Leon,Grigsby,7570,Male,Support,Saturn
Wittie,Coite,3777,Male,Sales,Toyota
Corene,Climar,4410,Female,Sales,Plymouth
Sebastian,Melarkey,9111,Polygender,Marketing,Lincoln
Barton,Scranney,7724,Polygender,Engineering,Land Rover
Dmitri,Dobbin,7535,Male,Business Development,GMC
Leelah,Chippindall,9736,Bigender,Research and Development,Dodge
Ware,Bellhouse,7180,Male,Training,Mazda
Candice,Caldairou,5572,Female,Support,Mazda
Audrie,Gariff,6693,Female,Sales,Toyota
Say,Craighill,8754,Male,Training,Porsche
Caprice,Ruppel,8392,Female,Training,Morgan
Lynnett,Pitts,9940,Female,Human Resources,Ford
Harmon,McSherry,8101,Male,Legal,Lexus
Nickolaus,Vignaux,3679,Male,Support,BMW
Fields,Shildrake,6000,Male,Engineering,Buick
Ari,Cotty,7670,Male,Sales,Audi
Stevy,Ackeroyd,6770,Male,Sales,Audi
Odette,Chardin,9762,Female,Research and Development,Dodge
Ellsworth,Pesterfield,7452,Male,Marketing,Pontiac
Clemmie,De Avenell,9610,Bigender,Support,Toyota
Carmine,Leroy,6757,Male,Sales,Volkswagen
Paddy,Drayn,7199,Male,Training,Buick
Cristian,Gladdor,6649,Male,Business Development,Mitsubishi
Mame,Smithin,7504,Female,Business Development,Nissan
Rafaellle,Corsan,7132,Agender,Services,Volvo
Feliks,Fenemore,9374,Male,Support,Buick
Abagael,Ivantyev,9800,Female,Engineering,Dodge
Alanson,Tollit,3601,Male,Training,Porsche
Phaedra,Landell,7577,Female,Engineering,Honda
Germayne,Skough,6709,Male,Training,Dodge
Nickolai,Glaysher,9916,Male,Sales,Lotus
Dredi,Shuttell,5929,Female,Business Development,Ford
Franni,Saphir,9572,Female,Human Resources,Mitsubishi
Elmer,Belcher,8403,Male,Services,Toyota
Noreen,Kinder,7728,Female,Support,Nissan
Salaidh,Hassur,4395,Female,Services,Dodge
Stan,Dittson,9683,Male,Research and Development,Isuzu
Arluene,Meacher,8236,Female,Support,Dodge
Aurelie,Lewin,5385,Female,Research and Development,Chrysler
Fedora,Eldered,6652,Female,Product Management,Lotus
Charlotta,Fransson,4229,Female,Product Management,Volkswagen
Rees,Gethouse,4767,Male,Business Development,Mazda
Waldon,Diggles,3976,Male,Legal,Mitsubishi
Kissie,Wynrahame,8647,Female,Sales,Mercedes-Benz
Rustin,Ranscomb,3955,Male,Marketing,Isuzu
Chelsae,Chilcott,6432,Genderfluid,Research and Development,Saab
Rosaleen,Rowler,9506,Agender,Product Management,Nissan
Fonsie,Cranstone,5703,Male,Services,BMW
Waldo,Hegg,8687,Male,Support,Nissan
Odie,Raynton,9155,Male,Services,Acura
Sumner,Grayston,9174,Male,Accounting,Cadillac
Verile,Emblow,4952,Female,Services,Ford
Marthe,Folan,9518,Female,Business Development,Lexus
Lloyd,Godfroy,6751,Male,Product Management,Mitsubishi
Kerry,Kock,4280,Female,Research and Development,Chevrolet
Desiri,Maffeo,6853,Female,Sales,Suzuki
Hillel,Backwell,7117,Male,Research and Development,Mazda
Taylor,Poker,9682,Male,Services,Chrysler
Robinett,Gwilt,4361,Female,Business Development,Suzuki
Nels,Brea,9132,Male,Business Development,Audi
Seymour,Brimelow,4175,Male,Legal,Mercedes-Benz
Keen,Francecione,8491,Male,Product Management,Ford
Gavin,Bushen,5330,Male,Product Management,Pontiac
Vivianna,Klainman,7339,Female,Sales,Chevrolet
Cameron,Daskiewicz,6987,Male,Legal,Suzuki
Tanya,Joules,4472,Female,Accounting,GMC
Rutledge,Van Son,6284,Male,Research and Development,Audi
Bernie,Way,5643,Genderfluid,Business Development,GMC
Dulce,Dowbakin,6946,Female,Sales,Ford
Abigale,Durbann,8222,Female,Accounting,Chevrolet
Anna-diana,Shelsher,5149,Female,Support,Mazda
Karil,Reid,4320,Female,Accounting,Bentley
Vaclav,Dies,8343,Male,Research and Development,Cadillac
Windham,Cowely,7544,Male,Legal,Bentley
Con,Simkins,7912,Female,Business Development,Mercury
Andonis,Pickrill,5656,Genderfluid,Accounting,Mazda
Mattie,McJarrow,5692,Female,Accounting,Volkswagen
Clark,Wickersham,6158,Male,Research and Development,Ford
Seka,Wittier,4748,Female,Support,Nissan
Cly,Rioch,6880,Male,Support,Volkswagen
Eward,Brownfield,7729,Male,Engineering,Volkswagen
Sonia,Vasilevich,5755,Female,Research and Development,Lincoln
Amos,Radden,8478,Male,Sales,Volkswagen
Antoinette,Tunnick,9794,Female,Support,Pontiac
Hobard,Sams,4232,Male,Marketing,Ford
Petra,Neary,5773,Female,Engineering,Toyota
Alejandro,Donaghie,6112,Male,Training,Lincoln
Brynne,Mansion,9468,Female,Marketing,Audi
Verine,Menco,9067,Female,Support,Subaru
Archambault,Blandford,4589,Male,Research and Development,Infiniti
Westleigh,Wraighte,9940,Male,Product Management,Cadillac
Salem,Wotton,6175,Male,Product Management,Dodge
Vinson,Brightling,7995,Male,Product Management,Mazda
Coral,Tookill,8745,Female,Training,BMW
Ursuline,Tedder,5777,Female,Support,Saab
Mignonne,Rosengarten,4590,Female,Marketing,Lamborghini
Worthy,Goodfellow,9485,Male,Marketing,Mercury
Nina,Cristofvao,6551,Female,Product Management,Pontiac
Bernetta,Hurkett,8638,Bigender,Business Development,Chevrolet
Jeniffer,Colbridge,6452,Female,Training,Pontiac
Julian,Brawley,5783,Male,Sales,Toyota
Lilith,D'Agostini,7453,Female,Accounting,Lexus
Liliane,Tubby,8366,Genderfluid,Services,Lexus
Greg,Dangerfield,7212,Male,Training,Cadillac
Georgina,Maghull,9103,Female,Training,Lamborghini
Dall,Edwins,4194,Male,Support,Chevrolet
Sheelah,Saller,5362,Female,Accounting,Mercury
Claribel,Stainson,5898,Female,Marketing,Hyundai
Harrie,Yitzhakov,6288,Female,Services,Mitsubishi
Orsa,O'Carroll,5036,Female,Accounting,Mitsubishi
Rafi,Beazley,9430,Male,Sales,Scion
Cleon,Kobpal,7413,Male,Marketing,Chevrolet
Eugenie,MacCleay,8336,Female,Research and Development,Toyota
Cirstoforo,Mapholm,4757,Male,Human Resources,Mitsubishi
Aaren,Yanez,8315,Female,Engineering,Dodge
Andriana,Sacchetti,9593,Female,Human Resources,Chrysler
Nickie,Cona,7865,Female,Marketing,Nissan
Emmery,Gniewosz,9155,Male,Research and Development,BMW
Katheryn,Haile,9337,Female,Business Development,Mazda
Sergent,Sprasen,5278,Male,Support,Chevrolet
Eleanor,Dongall,6386,Female,Marketing,Kia
Waverly,Jeannot,8498,Male,Human Resources,Saturn
Ibbie,Browne,6558,Female,Legal,Chevrolet
Seumas,Emmanuele,8816,Male,Support,BMW
Gustavo,Augar,4205,Male,Support,Volvo
Claudia,Stearn,8146,Female,Human Resources,GMC
Halimeda,Hayzer,7571,Female,Sales,Honda
David,Mabbot,7527,Agender,Legal,Saturn
Damita,Mattsson,7884,Female,Research and Development,Mazda
Sarah,Gaskins,9928,Female,Marketing,Jeep
Aprilette,Gammel,3889,Female,Sales,GMC
Patti,Luckwell,4112,Female,Research and Development,GMC
Andras,MacCracken,8437,Male,Accounting,Jeep
Ebony,Cullinane,8229,Female,Sales,Acura
Ibby,Kubica,3542,Female,Research and Development,Buick
Lyndel,Dupey,9311,Female,Support,Daewoo
Lazar,Plowman,5561,Male,Support,Acura
Jose,Cassin,7466,Male,Marketing,Pontiac
Alikee,Scholz,8601,Female,Business Development,Plymouth
Cherlyn,Baert,5710,Female,Support,Honda
Clywd,Tibb,5473,Male,Accounting,Porsche
Suzette,Turney,9089,Female,Marketing,Mazda
Hermy,Ovize,5098,Male,Product Management,Buick
Vinita,Willingam,5933,Female,Sales,Dodge
Alfy,Adicot,4487,Female,Product Management,GMC
Corinne,Heiner,8400,Female,Support,Jaguar
Georgeanne,Semered,6236,Female,Services,Plymouth
Marybeth,Brittles,7498,Female,Marketing,Mercedes-Benz
Stafani,Dealey,5466,Female,Support,Nissan
Cahra,Moens,4362,Female,Support,Mazda
Ashely,Jansey,8640,Female,Support,Toyota
Sheelagh,Christene,7972,Female,Sales,Nissan
Stepha,Sneaker,7346,Female,Services,Cadillac
Sherill,Hedden,4446,Female,Human Resources,Chevrolet
Mirabelle,Bursnall,3758,Female,Training,Ford
Zebulon,Posthill,4508,Male,Accounting,Hyundai
Dylan,Tarrant,8778,Male,Marketing,Suzuki
Bradley,Hadley,4269,Genderqueer,Sales,Subaru
Lolita,Filimore,8505,Female,Support,Hyundai
Cicely,Corkel,4733,Female,Accounting,GMC
Ulrikaumeko,Astin,8462,Female,Services,Ford
Xerxes,Tschirasche,7747,Male,Product Management,Kia
Robinetta,Boorer,8305,Female,Training,Ford
Cozmo,Gillogley,6564,Male,Accounting,Honda
Fancy,Booi,9826,Genderqueer,Services,Lincoln
Grata,Gockeler,7949,Female,Training,Toyota
Sheela,Silversmid,9030,Non-binary,Support,Land Rover
Andres,Zettoi,5015,Male,Sales,Volkswagen
Doralynne,Shoebottom,7670,Agender,Training,Pontiac
Elonore,Probbin,9149,Female,Services,Ford
Alfonse,Fonzone,3727,Male,Research and Development,Kia
Lilias,Ashlin,6946,Female,Services,Suzuki
Toby,Burbank,8491,Female,Business Development,Honda
Mathilda,Baggelley,5251,Female,Marketing,Audi
Denni,Boick,5122,Female,Training,Land Rover
Lucienne,Calcut,8492,Female,Research and Development,Kia
Heindrick,Giovanni,9179,Male,Legal,BMW
Rustin,Swindles,8161,Male,Engineering,Porsche
Correy,Stanger,7946,Male,Accounting,Toyota
El,Derr,6318,Male,Support,Dodge
Giffer,Greenhough,4976,Male,Business Development,Chevrolet
Francoise,Blunsen,9230,Female,Human Resources,Toyota
Halsey,Hammell,6636,Male,Accounting,BMW
Homerus,Tissier,8755,Male,Research and Development,Dodge
Sharron,Dunphy,5937,Female,Research and Development,Toyota
Brittani,Muccino,9184,Female,Sales,Toyota
Aggie,Kluger,4656,Female,Legal,Ford
Dulci,Matzel,8138,Bigender,Accounting,Pontiac
Henrieta,Leadstone,6911,Female,Legal,Ford
Heather,Toth,9923,Female,Product Management,Lexus
Jamill,Andrea,7912,Male,Services,Lincoln
Taffy,Quinney,4593,Female,Legal,Volkswagen
Rob,Hindrick,8165,Male,Support,GMC
Ely,Kettell,5024,Male,Human Resources,Lexus
Florenza,Sowden,8657,Female,Marketing,GMC
Osbourne,Bachmann,4556,Male,Support,BMW
Audy,Hariot,6749,Female,Research and Development,Dodge
Micki,Wareing,6342,Genderfluid,Sales,Toyota
Derick,Lovegrove,7469,Male,Product Management,Mercedes-Benz
Merell,Dubbin,9925,Male,Business Development,Kia
Cornie,McGuane,9928,Female,Sales,Volvo
Uriah,Huck,9592,Male,Legal,Cadillac
Michaella,Baggelley,7041,Female,Human Resources,Jaguar
Meier,Hunstone,7929,Male,Accounting,Ford
Padget,Cisec,6153,Male,Product Management,GMC
Tucker,Ceschini,9491,Male,Product Management,BMW
Kareem,Raisher,8620,Polygender,Product Management,Hyundai
Libbie,Targett,7829,Female,Training,Pontiac
Ryann,Gavrieli,3830,Female,Legal,Lincoln
Maribel,Morecombe,7440,Female,Accounting,GMC
Sidney,Frowde,8365,Male,Legal,Mitsubishi
Christel,Jaggs,9032,Female,Accounting,Porsche
Betti,Boulden,3967,Female,Product Management,Volkswagen
Ange,Kobke,7487,Female,Human Resources,Honda
Giacomo,Ferencz,7580,Male,Human Resources,MINI
Alanah,Shepperd,9213,Female,Marketing,Pontiac
Norean,Gwilliams,5201,Female,Sales,Lotus
Georgie,Shawyers,6276,Male,Support,Hyundai
Teodor,Dumberrill,9684,Bigender,Sales,Pontiac
Rodolphe,Tire,3724,Male,Engineering,Chevrolet
Karlee,Maxsted,5451,Female,Legal,Mercedes-Benz
Allin,Vickerstaff,4328,Male,Research and Development,Chevrolet
Nerty,Massimo,4926,Female,Product Management,Ford
Erinna,Frowd,8028,Female,Sales,Geo
Ariana,Hayen,9603,Female,Research and Development,GMC
Junia,Brattell,5748,Female,Training,Morgan
Esdras,Le Noury,3993,Bigender,Research and Development,Honda
Sutherland,Beauchamp,6330,Non-binary,Engineering,Jeep
Roby,Grellis,6356,Female,Accounting,Audi
Matthaeus,Coulbeck,6629,Male,Training,Jeep
Dicky,Ratazzi,4224,Male,Research and Development,Jaguar
Verna,Cushworth,5657,Female,Marketing,Porsche
Lorant,Bonsul,7590,Male,Human Resources,Ford
Sibel,Beavis,7114,Female,Legal,Chevrolet
Delphinia,Braven,5160,Female,Training,Lotus
Wilow,Linny,6373,Female,Human Resources,Ford
Candace,Widdows,7180,Female,Sales,Mercedes-Benz
Kimberley,Stirling,8664,Female,Accounting,Acura
Jessi,Visco,9133,Female,Services,BMW
Robinet,Martyn,8633,Genderfluid,Product Management,Volvo
Adelle,Wevell,5496,Female,Product Management,Hyundai
Holly-anne,Schoales,4863,Female,Sales,Maybach
Margeaux,Josh,3902,Female,Business Development,Lincoln
Giorgia,Botha,6284,Female,Training,Dodge
Shayna,Thonger,6280,Female,Marketing,Lexus
Catlaina,Jannaway,7602,Female,Sales,Ford
Eddi,Gayden,9984,Female,Human Resources,Ford
Sammy,Dukes,7179,Male,Product Management,Geo
Malachi,Gisburne,7786,Agender,Training,Jaguar
Abe,Levett,4837,Male,Accounting,Chevrolet
Jeanna,Naris,8859,Female,Accounting,GMC
Colver,Berntssen,7461,Male,Marketing,Maserati
Aurie,Gallear,7612,Female,Engineering,Ford
Orren,Lumsdaine,5020,Male,Business Development,Spyker
Devin,Scherme,4940,Male,Support,Subaru
Martin,Sutor,5593,Male,Accounting,Chevrolet
Anni,Deaves,9333,Female,Research and Development,BMW
Katrine,Meadway,4353,Female,Accounting,GMC
Bambie,Pallaske,7767,Agender,Research and Development,Honda
Carmela,Mitten,9079,Female,Marketing,Smart
Sibby,Burdess,6283,Female,Engineering,Volkswagen
Gregorio,Puttan,5079,Male,Business Development,Chrysler
Alida,Leban,6104,Female,Training,Ford
Kendrick,McLinden,9021,Male,Marketing,Mazda
Hughie,Alcorn,8473,Male,Business Development,Chevrolet
Selby,Gery,9537,Male,Human Resources,Pontiac
Nesta,Fealty,7563,Female,Product Management,Honda
Chad,Pinching,8864,Female,Training,Mitsubishi
Zechariah,Hallihan,5935,Male,Sales,Volkswagen
Cyrille,Yanyushkin,9006,Male,Legal,Chevrolet
Max,Addicott,6808,Female,Marketing,GMC
Kym,Cowser,7926,Female,Human Resources,Ford
Viki,Cuberley,4445,Female,Services,Mazda
Keelby,Stollenbeck,9884,Male,Services,Ferrari
Nathalie,Dumbleton,9934,Female,Product Management,MINI
Darell,Patey,8115,Female,Training,Dodge
Bearnard,Stratton,9146,Male,Accounting,Chevrolet
Chantal,Longbottom,6635,Female,Research and Development,Nissan
Aigneis,Gyenes,9861,Female,Accounting,Mitsubishi
Cleavland,Adie,6032,Non-binary,Sales,BMW
Ailsun,Gleed,9738,Female,Support,Lexus
Lucais,Deakins,9879,Male,Accounting,Maserati
Chrystel,Rundle,8034,Female,Support,Hyundai
Dena,Pellamont,6551,Female,Sales,Ram
Burg,Cadman,8126,Male,Business Development,Chevrolet
Archaimbaud,Budibent,9948,Male,Support,Dodge
Glory,Bartles,7357,Female,Sales,Lexus
Aurelia,D'Alesco,6253,Genderqueer,Product Management,Oldsmobile
Yoshiko,Kubica,5882,Polygender,Research and Development,Toyota
Tan,Stimson,4109,Male,Support,Maserati
Nels,Burchett,9382,Male,Services,Eagle
Sander,Hauxby,3588,Male,Product Management,Suzuki
Bing,Pratt,7865,Male,Marketing,Geo
Papagena,Guiel,7410,Female,Training,Ford
Tawsha,Mickleborough,6920,Genderfluid,Business Development,Chrysler
Coral,Menendez,6371,Female,Accounting,Nissan
Eduino,Castellani,6278,Male,Support,Ford
Maje,Pallent,4710,Male,Human Resources,Saab
Sutherlan,Lamport,5186,Male,Sales,BMW
Millicent,Murdie,8873,Female,Accounting,Nissan
Monica,Blaymires,5797,Female,Training,Chevrolet
Shaylynn,Seton,7112,Agender,Research and Development,Chevrolet
Leora,Atwell,3895,Female,Accounting,Dodge
Yevette,Pimlett,9293,Female,Marketing,Porsche
Tuckie,Secret,7092,Male,Engineering,Plymouth
Amalie,Huban,5760,Female,Product Management,Saturn
Jasper,Bernade,6312,Male,Human Resources,Isuzu
Gilly,Triggol,7092,Female,Support,Volkswagen
Jorry,Woolam,6603,Female,Services,Mercedes-Benz
Cullen,Aujouanet,9073,Male,Business Development,Volkswagen
Electra,Rentenbeck,5914,Female,Sales,Volkswagen
Federica,Bru,6389,Female,Business Development,Volkswagen
Wesley,Fresson,9468,Male,Accounting,Mitsubishi
Akim,Mc Curlye,6922,Male,Legal,Audi
Haily,Slocombe,6412,Male,Human Resources,Alfa Romeo
Niki,Fairpool,5052,Female,Accounting,Chevrolet
Garland,Blount,4388,Female,Business Development,Honda
Skell,Grafton,5926,Genderfluid,Human Resources,Ford
Alric,Wackley,7783,Male,Support,Honda
Antonino,Gerrey,7798,Male,Product Management,Mitsubishi
Trixi,Marco,6729,Female,Research and Development,GMC
Matteo,Kynton,5700,Male,Sales,Acura
Woody,Naisbit,3622,Male,Sales,Chevrolet
Vivia,Pagram,5930,Female,Business Development,Jeep
Rafaello,Herkess,7563,Non-binary,Research and Development,Mazda
Rasia,Gumn,8638,Female,Support,Lexus
Erroll,Armit,4024,Male,Legal,Maybach
Helene,McIlhagga,4955,Female,Product Management,Audi
Rolf,Brownfield,3634,Male,Accounting,Volkswagen
Renault,Ginie,7844,Male,Engineering,Chevrolet
Rochell,MacKellen,7049,Female,Sales,BMW
Nellie,Gilfoy,5347,Female,Training,Audi
Haley,Axford,9132,Female,Legal,Suzuki
Jefferey,Hugonneau,6216,Male,Accounting,Jeep
Prudi,Darko,6539,Female,Product Management,Jaguar
Adella,Geer,8291,Female,Accounting,Lincoln
Darelle,Plowright,4067,Non-binary,Business Development,Chevrolet
Archibald,Udy,7722,Male,Marketing,Ford
Yolanthe,Gyngell,5217,Female,Sales,Jaguar
Leicester,Morrow,5821,Male,Training,Ford
Gualterio,Gebuhr,6954,Male,Product Management,Chrysler
Nana,Ivashintsov,8785,Female,Business Development,Chevrolet
Paolo,Bradden,6725,Non-binary,Legal,Ford
Chan,Urwen,5174,Male,Business Development,Mercury
Kerwinn,Mosson,9690,Male,Human Resources,Scion
Kiley,Card,8605,Male,Services,BMW
Francklyn,Braben,5060,Male,Marketing,Mercedes-Benz
Pattin,Worswick,4178,Male,Legal,Morgan
Nellie,Lowers,9853,Female,Business Development,Chevrolet
Olive,Earwicker,8326,Female,Accounting,Chrysler
Shermie,Sherrott,4376,Male,Marketing,Volvo
Miller,Fery,4395,Male,Sales,Mitsubishi
Carolynn,MacCombe,9640,Female,Research and Development,Ford
Tyne,Schimonek,3657,Female,Engineering,Lexus
Blondelle,Golsby,6680,Genderfluid,Support,Subaru
Ragnar,Crankshaw,5183,Male,Business Development,Chevrolet
Remy,Hovel,9250,Female,Services,Hummer
Vlad,Balcon,4813,Male,Accounting,Cadillac
Bab,Kiehne,9868,Female,Services,Pontiac
Rena,Giannini,9820,Female,Accounting,Pontiac
Jodie,Binner,5547,Male,Product Management,Pontiac
Rowan,Castillou,9436,Male,Accounting,Jensen
Nealon,Wadly,3590,Male,Engineering,BMW
Marsiella,Fendt,6357,Female,Training,Audi
Bobinette,Cleator,4763,Female,Marketing,Mercury
Salvador,Robshaw,7218,Agender,Marketing,Chevrolet
Clarette,Jumel,6718,Agender,Engineering,Saab
Ina,Tibols,7898,Female,Business Development,GMC
Neille,Bittlestone,6274,Female,Accounting,Lincoln
Harman,Futty,5750,Male,Services,Mercedes-Benz
Anneliese,Snoden,9240,Female,Product Management,Cadillac
Ardenia,Eidelman,7796,Female,Business Development,Infiniti
Eadie,Ferreira,8289,Non-binary,Human Resources,Nissan
Bertina,Priddie,8100,Female,Engineering,Plymouth
Poppy,Litherland,5003,Female,Marketing,Aston Martin
Guendolen,Sabater,6614,Female,Training,Audi
Rupert,Polglaze,9050,Male,Legal,Mazda
Maryellen,Attenborough,7139,Female,Legal,Volkswagen
Krystyna,MacNamee,3762,Female,Services,Eagle
Daryl,Hallybone,6931,Male,Services,Volkswagen
Parke,Fogg,6048,Male,Business Development,Audi
Henry,Darwent,6993,Male,Engineering,Toyota
Frederico,Morcombe,5468,Male,Business Development,Chrysler
Esther,Mayell,8096,Female,Business Development,Mazda
Sayres,Izzat,9240,Male,Training,Buick
Elaine,Jerger,4242,Female,Marketing,Volvo
Rosamund,Troillet,7711,Female,Legal,Mercedes-Benz
Ciel,Aucott,9175,Female,Training,Chevrolet
Douglass,Smithson,5138,Male,Product Management,Cadillac
Maia,Ishak,3640,Female,Product Management,Isuzu
Darla,Coyett,9913,Female,Product Management,Nissan
Pippo,Forshaw,9613,Male,Training,Buick
Joy,Stuehmeyer,8300,Non-binary,Business Development,Nissan
Leila,Hammatt,8667,Female,Research and Development,Buick
Avigdor,Lewry,4441,Male,Research and Development,Chrysler
Ulrica,Ballintime,5142,Female,Training,Nissan
Sydney,Dishmon,7186,Male,Services,Acura
Ivan,Rawlings,9223,Male,Legal,Lincoln
Em,Dax,9388,Agender,Marketing,Hyundai
Fredericka,Povah,4753,Female,Legal,Pontiac
Avivah,Leavold,4172,Female,Product Management,Kia
Freddie,Colbertson,9564,Female,Business Development,GMC
Christiano,Wallwork,8909,Agender,Training,Mitsubishi
Tristam,Muncaster,9916,Male,Research and Development,Mercury
Sharity,Hemphrey,5119,Female,Sales,Volvo
Belvia,Plenderleith,9602,Female,Marketing,Pontiac
Arvin,Bolderson,4380,Male,Legal,Suzuki
Ferdinanda,Reinmar,9751,Female,Services,BMW
Warde,Brodnecke,8231,Male,Engineering,Chevrolet
Pinchas,Papaminas,9998,Male,Business Development,Chevrolet
Eimile,Imlin,7823,Female,Support,Isuzu
